{"cameraMode":{"drawMode":0,"name":"Shaded","section":"Shading Mode"},"sceneLighting":false,"audioPlay":false,"sceneViewState":{"showFog":false,"showMaterialUpdate":false,"showSkybox":false,"showFlares":false,"showImageEffects":false,"showParticleSystems":false},"in2DMode":false,"pivot":{"x":0.0015000104904174805,"y":0.41210001707077029,"z":0.0},"rotation":{"x":-0.021882008761167527,"y":-0.2024000883102417,"z":0.0038601141422986986,"w":-0.9792421460151672},"size":2.1501080989837648,"orthographic":false}