{"cameraMode":{"drawMode":0,"name":"Shaded","section":"Shading Mode"},"sceneLighting":false,"audioPlay":false,"sceneViewState":{"showFog":false,"showMaterialUpdate":false,"showSkybox":false,"showFlares":false,"showImageEffects":false,"showParticleSystems":false},"in2DMode":false,"pivot":{"x":0.09062206745147705,"y":0.5939409136772156,"z":-1.357595682144165},"rotation":{"x":-0.01013533677905798,"y":-0.9876962900161743,"z":0.14288309216499329,"w":-0.06567889451980591},"size":3.7955305576324465,"orthographic":false}