{"cameraMode":{"drawMode":0,"name":"Shaded","section":"Shading Mode"},"sceneLighting":false,"audioPlay":false,"sceneViewState":{"showFog":false,"showMaterialUpdate":false,"showSkybox":false,"showFlares":false,"showImageEffects":false,"showParticleSystems":false},"in2DMode":false,"pivot":{"x":0.0,"y":-0.05000000447034836,"z":0.08124999701976776},"rotation":{"x":-0.011564976535737515,"y":-0.9001234769821167,"z":0.022410422563552858,"w":-0.4353351593017578},"size":0.6408713459968567,"orthographic":false}