{"cameraMode":{"drawMode":0,"name":"Shaded","section":"Shading Mode"},"sceneLighting":false,"audioPlay":false,"sceneViewState":{"showFog":false,"showMaterialUpdate":false,"showSkybox":false,"showFlares":false,"showImageEffects":false,"showParticleSystems":false},"in2DMode":false,"pivot":{"x":-0.919851541519165,"y":0.6176953315734863,"z":0.8055225610733032},"rotation":{"x":-0.2092108279466629,"y":-0.30362895131111147,"z":0.06785068660974503,"w":-0.9272602796554565},"size":2.9443602561950685,"orthographic":false}