{"cameraMode":{"drawMode":0,"name":"Shaded","section":"Shading Mode"},"sceneLighting":false,"audioPlay":false,"sceneViewState":{"showFog":false,"showMaterialUpdate":false,"showSkybox":false,"showFlares":false,"showImageEffects":false,"showParticleSystems":false},"in2DMode":false,"pivot":{"x":-7.009710788726807,"y":0.19762752950191499,"z":-1.1812870502471924},"rotation":{"x":0.010515714064240456,"y":0.7751812934875488,"z":-0.6316282749176025,"w":0.01270651537925005},"size":20.221342086791993,"orthographic":false}