{"cameraMode":{"drawMode":0,"name":"Shaded","section":"Shading Mode"},"sceneLighting":false,"audioPlay":false,"sceneViewState":{"showFog":false,"showMaterialUpdate":false,"showSkybox":false,"showFlares":false,"showImageEffects":false,"showParticleSystems":false},"in2DMode":false,"pivot":{"x":1.6298807859420777,"y":0.9781008958816528,"z":-0.6910938024520874},"rotation":{"x":-0.002812178572639823,"y":-0.9845371246337891,"z":0.17580142617225648,"w":-0.012187293730676175},"size":4.255621910095215,"orthographic":false}