{"cameraMode":{"drawMode":0,"name":"Shaded","section":"Shading Mode"},"sceneLighting":false,"audioPlay":false,"sceneViewState":{"showFog":false,"showMaterialUpdate":false,"showSkybox":false,"showFlares":false,"showImageEffects":false,"showParticleSystems":false},"in2DMode":false,"pivot":{"x":0.058406762778759,"y":0.29158246517181399,"z":-0.20594200491905213},"rotation":{"x":0.05841244012117386,"y":0.9405838251113892,"z":-0.25998905301094057,"w":0.21078065037727357},"size":1.1431535482406617,"orthographic":false}