{"cameraMode":{"drawMode":0,"name":"Shaded","section":"Shading Mode"},"sceneLighting":false,"audioPlay":false,"sceneViewState":{"showFog":false,"showMaterialUpdate":false,"showSkybox":false,"showFlares":false,"showImageEffects":false,"showParticleSystems":false},"in2DMode":false,"pivot":{"x":0.7641230821609497,"y":0.561107873916626,"z":0.013459117151796818},"rotation":{"x":-0.026575004681944848,"y":-0.9635589718818665,"z":0.10110406577587128,"w":-0.24698475003242494},"size":2.422318935394287,"orthographic":false}