{"cameraMode":{"drawMode":0,"name":"Shaded","section":"Shading Mode"},"sceneLighting":false,"audioPlay":false,"sceneViewState":{"showFog":false,"showMaterialUpdate":false,"showSkybox":false,"showFlares":false,"showImageEffects":false,"showParticleSystems":false},"in2DMode":false,"pivot":{"x":0.20553617179393769,"y":0.786982536315918,"z":-0.6319981217384338},"rotation":{"x":-0.12073956429958344,"y":-0.8333259224891663,"z":0.19938109815120698,"w":-0.5016095638275147},"size":2.2344002723693849,"orthographic":false}