{"cameraMode":{"drawMode":0,"name":"Shaded","section":"Shading Mode"},"sceneLighting":false,"audioPlay":false,"sceneViewState":{"showFog":false,"showMaterialUpdate":false,"showSkybox":false,"showFlares":false,"showImageEffects":false,"showParticleSystems":false},"in2DMode":false,"pivot":{"x":0.0,"y":-0.12354999780654907,"z":0.05714999884366989},"rotation":{"x":-0.011564976535737515,"y":-0.9001234769821167,"z":0.022410422563552858,"w":-0.4353351593017578},"size":0.9682884812355042,"orthographic":false}