{"cameraMode":{"drawMode":0,"name":"Shaded","section":"Shading Mode"},"sceneLighting":false,"audioPlay":false,"sceneViewState":{"showFog":false,"showMaterialUpdate":false,"showSkybox":false,"showFlares":false,"showImageEffects":false,"showParticleSystems":false},"in2DMode":false,"pivot":{"x":-0.0017954707145690919,"y":0.3673500120639801,"z":0.03996841609477997},"rotation":{"x":-0.032564591616392139,"y":-0.8715367317199707,"z":0.05703435093164444,"w":-0.4862981140613556},"size":3.619839906692505,"orthographic":false}