{"cameraMode":{"drawMode":0,"name":"Shaded","section":"Shading Mode"},"sceneLighting":false,"audioPlay":false,"sceneViewState":{"showFog":false,"showMaterialUpdate":false,"showSkybox":false,"showFlares":false,"showImageEffects":false,"showParticleSystems":false},"in2DMode":false,"pivot":{"x":-0.8592770099639893,"y":0.5098333954811096,"z":-0.13810300827026368},"rotation":{"x":-0.0014627709751948715,"y":-0.9957822561264038,"z":0.008610609918832779,"w":-0.09336218237876892},"size":2.441596031188965,"orthographic":false}