{"cameraMode":{"drawMode":0,"name":"Shaded","section":"Shading Mode"},"sceneLighting":false,"audioPlay":false,"sceneViewState":{"showFog":false,"showMaterialUpdate":false,"showSkybox":false,"showFlares":false,"showImageEffects":false,"showParticleSystems":false},"in2DMode":false,"pivot":{"x":0.18043804168701173,"y":0.3599451184272766,"z":0.3628377914428711},"rotation":{"x":-0.042979806661605838,"y":-0.8415969610214233,"z":0.06645522266626358,"w":-0.5346277356147766},"size":3.592168092727661,"orthographic":false}