{"cameraMode":{"drawMode":0,"name":"Shaded","section":"Shading Mode"},"sceneLighting":false,"audioPlay":false,"sceneViewState":{"showFog":false,"showMaterialUpdate":false,"showSkybox":false,"showFlares":false,"showImageEffects":false,"showParticleSystems":false},"in2DMode":false,"pivot":{"x":0.0,"y":0.4077499806880951,"z":0.000050008296966552734},"rotation":{"x":-0.032564591616392139,"y":-0.8715367317199707,"z":0.05703435093164444,"w":-0.4862981140613556},"size":1.9010142087936402,"orthographic":false}