{"cameraMode":{"drawMode":0,"name":"Shaded","section":"Shading Mode"},"sceneLighting":true,"audioPlay":false,"sceneViewState":{"showFog":false,"showMaterialUpdate":false,"showSkybox":false,"showFlares":false,"showImageEffects":false,"showParticleSystems":false},"in2DMode":false,"pivot":{"x":-0.34939196705818179,"y":0.039317719638347629,"z":0.20844754576683045},"rotation":{"x":-0.011564976535737515,"y":-0.9001234769821167,"z":0.022410422563552858,"w":-0.4353351593017578},"size":0.9723560214042664,"orthographic":false}