{"cameraMode":{"drawMode":0,"name":"Shaded","section":"Shading Mode"},"sceneLighting":false,"audioPlay":false,"sceneViewState":{"showFog":false,"showMaterialUpdate":false,"showSkybox":false,"showFlares":false,"showImageEffects":false,"showParticleSystems":false},"in2DMode":false,"pivot":{"x":-0.08697230368852616,"y":0.36943572759628298,"z":0.4043760895729065},"rotation":{"x":0.2834841012954712,"y":0.10847078263759613,"z":-0.03167271614074707,"w":0.9524950385093689},"size":3.2269814014434816,"orthographic":false}