{"cameraMode":{"drawMode":0,"name":"Shaded","section":"Shading Mode"},"sceneLighting":false,"audioPlay":false,"sceneViewState":{"showFog":false,"showMaterialUpdate":false,"showSkybox":false,"showFlares":false,"showImageEffects":false,"showParticleSystems":false},"in2DMode":false,"pivot":{"x":2.220412254333496,"y":0.4419074058532715,"z":-2.420100212097168},"rotation":{"x":-0.05843961983919144,"y":-0.9327958226203919,"z":0.1757936179637909,"w":-0.3094979226589203},"size":1.9108585119247437,"orthographic":false}