{"cameraMode":{"drawMode":0,"name":"Shaded","section":"Shading Mode"},"sceneLighting":false,"audioPlay":false,"sceneViewState":{"showFog":false,"showMaterialUpdate":false,"showSkybox":false,"showFlares":false,"showImageEffects":false,"showParticleSystems":false},"in2DMode":false,"pivot":{"x":1.0190870761871338,"y":0.5272438526153565,"z":1.616654634475708},"rotation":{"x":-0.032564591616392139,"y":-0.8715367317199707,"z":0.05703435093164444,"w":-0.4862981140613556},"size":3.0437967777252199,"orthographic":false}