{"cameraMode":{"drawMode":0,"name":"Shaded","section":"Shading Mode"},"sceneLighting":false,"audioPlay":false,"sceneViewState":{"showFog":false,"showMaterialUpdate":false,"showSkybox":false,"showFlares":false,"showImageEffects":false,"showParticleSystems":false},"in2DMode":false,"pivot":{"x":0.13135121762752534,"y":0.6976190805435181,"z":-0.6697388887405396},"rotation":{"x":-0.012488302774727345,"y":-0.9769771695137024,"z":0.20636914670467378,"w":-0.056099046021699908},"size":5.591069221496582,"orthographic":false}