{"cameraMode":{"drawMode":0,"name":"Shaded","section":"Shading Mode"},"sceneLighting":false,"audioPlay":false,"sceneViewState":{"showFog":false,"showMaterialUpdate":false,"showSkybox":false,"showFlares":false,"showImageEffects":false,"showParticleSystems":false},"in2DMode":false,"pivot":{"x":-0.15485000610351563,"y":1.118399977684021,"z":0.000050008296966552734},"rotation":{"x":-0.011564976535737515,"y":-0.9001234769821167,"z":0.022410422563552858,"w":-0.4353351593017578},"size":4.028576374053955,"orthographic":false}