{"cameraMode":{"drawMode":0,"name":"Shaded","section":"Shading Mode"},"sceneLighting":false,"audioPlay":false,"sceneViewState":{"showFog":false,"showMaterialUpdate":false,"showSkybox":false,"showFlares":false,"showImageEffects":false,"showParticleSystems":false},"in2DMode":false,"pivot":{"x":0.02499997615814209,"y":0.22500000894069673,"z":0.0},"rotation":{"x":0.4041826128959656,"y":0.049680087715387347,"z":-0.021866628900170327,"w":0.9131180047988892},"size":8.776464462280274,"orthographic":false}