{"cameraMode":{"drawMode":0,"name":"Shaded","section":"Shading Mode"},"sceneLighting":false,"audioPlay":false,"sceneViewState":{"showFog":false,"showMaterialUpdate":false,"showSkybox":false,"showFlares":false,"showImageEffects":false,"showParticleSystems":false},"in2DMode":false,"pivot":{"x":0.14805102348327638,"y":0.2953517735004425,"z":-0.3728448748588562},"rotation":{"x":-0.1019630879163742,"y":-0.884096086025238,"z":0.22568871080875398,"w":-0.3967585861682892},"size":2.2103068828582765,"orthographic":false}