{"cameraMode":{"drawMode":0,"name":"Shaded","section":"Shading Mode"},"sceneLighting":false,"audioPlay":false,"sceneViewState":{"showFog":false,"showMaterialUpdate":false,"showSkybox":false,"showFlares":false,"showImageEffects":false,"showParticleSystems":false},"in2DMode":false,"pivot":{"x":0.2879999876022339,"y":0.094053715467453,"z":0.40299999713897707},"rotation":{"x":0.24094323813915254,"y":0.00032898978679440916,"z":0.000017715710782795213,"w":0.9706609845161438},"size":1.145301342010498,"orthographic":false}