{"cameraMode":{"drawMode":0,"name":"Shaded","section":"Shading Mode"},"sceneLighting":false,"audioPlay":false,"sceneViewState":{"showFog":false,"showMaterialUpdate":false,"showSkybox":false,"showFlares":false,"showImageEffects":false,"showParticleSystems":false},"in2DMode":false,"pivot":{"x":0.0,"y":0.4316999912261963,"z":0.01614999771118164},"rotation":{"x":-0.04623134434223175,"y":-0.7885849475860596,"z":0.058618344366550449,"w":-0.6106840372085571},"size":2.1309826374053957,"orthographic":false}