{"cameraMode":{"drawMode":0,"name":"Shaded","section":"Shading Mode"},"sceneLighting":false,"audioPlay":false,"sceneViewState":{"showFog":false,"showMaterialUpdate":false,"showSkybox":false,"showFlares":false,"showImageEffects":false,"showParticleSystems":false},"in2DMode":false,"pivot":{"x":1.1711633205413819,"y":0.7144067883491516,"z":-0.3075476586818695},"rotation":{"x":-0.032564591616392139,"y":-0.8715367317199707,"z":0.05703435093164444,"w":-0.4862981140613556},"size":2.7150213718414308,"orthographic":false}