{"cameraMode":{"drawMode":0,"name":"Shaded","section":"Shading Mode"},"sceneLighting":false,"audioPlay":false,"sceneViewState":{"showFog":false,"showMaterialUpdate":false,"showSkybox":false,"showFlares":false,"showImageEffects":false,"showParticleSystems":false},"in2DMode":false,"pivot":{"x":0.7170000076293945,"y":0.9625254273414612,"z":-10.720900535583496},"rotation":{"x":0.009089523926377297,"y":-0.9700459837913513,"z":0.24018080532550813,"w":0.03731426224112511},"size":4.129148483276367,"orthographic":false}