{"cameraMode":{"drawMode":0,"name":"Shaded","section":"Shading Mode"},"sceneLighting":false,"audioPlay":false,"sceneViewState":{"showFog":false,"showMaterialUpdate":false,"showSkybox":false,"showFlares":false,"showImageEffects":false,"showParticleSystems":false},"in2DMode":false,"pivot":{"x":0.002250000834465027,"y":0.4290499985218048,"z":0.012760058045387268},"rotation":{"x":-0.04623134434223175,"y":-0.7885849475860596,"z":0.058618344366550449,"w":-0.6106840372085571},"size":2.0373928546905519,"orthographic":false}