{"cameraMode":{"drawMode":0,"name":"Shaded","section":"Shading Mode"},"sceneLighting":false,"audioPlay":false,"sceneViewState":{"showFog":false,"showMaterialUpdate":false,"showSkybox":false,"showFlares":false,"showImageEffects":false,"showParticleSystems":false},"in2DMode":false,"pivot":{"x":-8.22991943359375,"y":-2.0554959774017336,"z":8.133964538574219},"rotation":{"x":-0.13638342916965486,"y":-0.7432544827461243,"z":0.1592382937669754,"w":-0.6354305744171143},"size":0.4416072964668274,"orthographic":false}