{"cameraMode":{"drawMode":0,"name":"Shaded","section":"Shading Mode"},"sceneLighting":false,"audioPlay":false,"sceneViewState":{"showFog":false,"showMaterialUpdate":false,"showSkybox":false,"showFlares":false,"showImageEffects":false,"showParticleSystems":false},"in2DMode":false,"pivot":{"x":-1.0116504430770875,"y":0.6101773977279663,"z":-1.2425875663757325},"rotation":{"x":0.0010134459007531405,"y":-0.9947367310523987,"z":0.10304119437932968,"w":0.015992987900972368},"size":4.782032489776611,"orthographic":false}