{"cameraMode":{"drawMode":0,"name":"Shaded","section":"Shading Mode"},"sceneLighting":false,"audioPlay":false,"sceneViewState":{"showFog":false,"showMaterialUpdate":false,"showSkybox":false,"showFlares":false,"showImageEffects":false,"showParticleSystems":false},"in2DMode":false,"pivot":{"x":-6.467813968658447,"y":1.0960638523101807,"z":2.7753169536590578},"rotation":{"x":0.3991434872150421,"y":-0.16868217289447785,"z":0.07508797198534012,"w":0.8981574773788452},"size":2.542820930480957,"orthographic":false}