{"cameraMode":{"drawMode":0,"name":"Shaded","section":"Shading Mode"},"sceneLighting":false,"audioPlay":false,"sceneViewState":{"showFog":false,"showMaterialUpdate":false,"showSkybox":false,"showFlares":false,"showImageEffects":false,"showParticleSystems":false},"in2DMode":false,"pivot":{"x":-0.01689789816737175,"y":0.05404946208000183,"z":-1.2513115406036378},"rotation":{"x":0.007463428657501936,"y":-0.9734100103378296,"z":0.22712713479995728,"w":0.034721940755844119},"size":4.237149715423584,"orthographic":false}