{"cameraMode":{"drawMode":0,"name":"Shaded","section":"Shading Mode"},"sceneLighting":false,"audioPlay":false,"sceneViewState":{"showFog":false,"showMaterialUpdate":false,"showSkybox":false,"showFlares":false,"showImageEffects":false,"showParticleSystems":false},"in2DMode":false,"pivot":{"x":-0.000050008296966552734,"y":0.3792000114917755,"z":0.000050008296966552734},"rotation":{"x":-0.1019630879163742,"y":-0.884096086025238,"z":0.22568871080875398,"w":-0.3967585861682892},"size":2.435497283935547,"orthographic":false}