{"cameraMode":{"drawMode":0,"name":"Shaded","section":"Shading Mode"},"sceneLighting":false,"audioPlay":false,"sceneViewState":{"showFog":false,"showMaterialUpdate":false,"showSkybox":false,"showFlares":false,"showImageEffects":false,"showParticleSystems":false},"in2DMode":false,"pivot":{"x":1.0385446548461915,"y":0.08956228941679001,"z":-2.345088243484497},"rotation":{"x":0.006362179294228554,"y":0.9917969107627869,"z":-0.053309909999370578,"w":0.11656136065721512},"size":3.414543390274048,"orthographic":false}