{"cameraMode":{"drawMode":0,"name":"Shaded","section":"Shading Mode"},"sceneLighting":false,"audioPlay":false,"sceneViewState":{"showFog":false,"showMaterialUpdate":false,"showSkybox":false,"showFlares":false,"showImageEffects":false,"showParticleSystems":false},"in2DMode":false,"pivot":{"x":0.2026505470275879,"y":0.31479793787002566,"z":-0.0768435001373291},"rotation":{"x":-0.021882008761167527,"y":-0.2024000883102417,"z":0.0038601141422986986,"w":-0.9792421460151672},"size":2.0070574283599855,"orthographic":false}