{"cameraMode":{"drawMode":0,"name":"Shaded","section":"Shading Mode"},"sceneLighting":true,"audioPlay":false,"sceneViewState":{"showFog":false,"showMaterialUpdate":false,"showSkybox":false,"showFlares":false,"showImageEffects":false,"showParticleSystems":false},"in2DMode":false,"pivot":{"x":618.4208984375,"y":224.04547119140626,"z":20.353376388549806},"rotation":{"x":0.028805119916796685,"y":-0.00600217143073678,"z":0.00017300210311077535,"w":0.9995680451393127},"size":736.8164672851563,"orthographic":false}